ID,Date,X,Y,Genus,Sp,LeafNo,LeafCat,LeafLength,LeafWidth,LeafArea,Individual No,UH,RH,,,,,
3,12/07/22,20,0,heli,stricta,1,Young,30.1,14.5,,1,0.82467,0,,,,,A 0.126
3,12/07/22,20,0,heli,stricta,2,Young,49.2,20.2,,1,0,0,,,,,B 1.131
3,12/07/22,20,0,heli,stricta,3,Young,31.7,21.7,,1,0,0,,,,,C 2.011
3,12/07/22,20,0,heli,stricta,4,Young,26.2,21,,1,0,0,,,,,D 3.142
3,12/07/22,20,0,heli,stricta,5,Old,58,19,,1,140,0,,,,,E 7.089
3,12/07/22,20,0,heli,stricta,6,Old,35.5,16.1,,1,30,0,,,,,F 9.621
3,12/07/22,20,0,heli,stricta,7,Old,66.2,21.7,,1,0.126,0,,,,,G 12.854
3,12/07/22,20,0,heli,stricta,8,Old,64.2,21,,1,100,0,,,,,H 19.635
4,12/07/22,21,0,heli,stricta,1,Young,62.5,22.5,,1,0,0,,,,,I 0.118
4,12/07/22,21,0,heli,stricta,2,Young,39.8,15.6,,1,2.252,0,,,,,J 0.165
4,12/07/22,21,0,heli,stricta,3,Young,68,28,,1,0,0,,,,,K 0.315
4,12/07/22,21,0,heli,stricta,4,Young,60,28,,1,0,0,,,,,K 0.315
4,12/07/22,21,0,heli,stricta,5,Old,73.2,25,,1,59.297,0,,,,,L 0.825
4,12/07/22,21,0,heli,stricta,6,Old,66,22.9,,1,47.328,0,,,,,M 0.935
4,12/07/22,21,0,heli,stricta,7,Old,21.5,23.7,,1,3.142,0,,,,,N 1.728
4,12/07/22,21,0,heli,stricta,8,Old,66.3,20,,1,0,0,,,,,O 1.964
5,12/07/22,21,0,heli,velutia,1,New,51,15.5,,1,0,3.103,,,,,P 2.121
5,12/07/22,21,0,heli,velutia,2,New,38.9,16.2,,1,0,0,,,,,Q 2.357
5,12/07/22,21,0,heli,velutia,3,Old,57,20,,1,460,0,,,,,
5,12/07/22,21,0,heli,velutia,4,Old,65,18,,1,380,0,,,,,
5,12/07/22,21,0,heli,velutia,5,Old,69,24,,1,400,0,,,,,
5,12/07/22,21,0,heli,velutia,6,Old,51.7,19,,1,113,0,,,,,
6,12/07/22,22,0,cost,scaber,1,New,21.3,6.7,,1,14,0,,,,,
6,12/07/22,22,0,cost,scaber,2,New,23.2,8.6,,1,1,1.65,,,,,
6,12/07/22,22,0,cost,scaber,3,New,21.4,6.7,,1,20.455,0,,,,,
6,12/07/22,22,0,cost,scaber,4,New,22.4,7.9,,1,0.126,0,,,,,
6,12/07/22,22,0,cost,scaber,5,Old,26.2,11.1,,1,0,4.146,,,,,
6,12/07/22,22,0,cost,scaber,6,Old,27,11.1,,1,3.141,0,,,,,
6,12/07/22,22,0,cost,scaber,7,Old,26.3,11.7,,1,0,0,,,,,
6,12/07/22,22,0,cost,scaber,8,Oid,28.5,10.8,,1,0,0,,,,,
7,12/07/22,22,0,cost,scaber,1,New,7.5,3.5,,1,0.126,0,,,,,
7,12/07/22,22,0,cost,scaber,2,New,11.2,5,,1,0,0,,,,,
7,12/07/22,22,0,cost,scaber,3,New,12.5,5.7,,1,2.356,0,,,,,
7,12/07/22,22,0,cost,scaber,4,New,15.7,6.7,,1,1.728,0,,,,,
7,12/07/22,22,0,cost,scaber,5,Old,18.4,9.3,,1,0,0,,,,,
7,12/07/22,22,0,cost,scaber,6,Old,22.3,9.8,,1,0,0,,,,,
7,12/07/22,22,0,cost,scaber,7,Old,25.8,10.9,,1,0,0,,,,,
7,12/07/22,22,0,cost,scaber,8,Old,26,10.9,,1,0,3.126,,,,,
8,12/07/22,14,19,heli,velutia,1,New,16.9,7.3,,1,0.165,0,,,,,
8,12/07/22,14,19,heli,velutia,2,New,23,7.9,,1,0.125,110.825,,,,,
8,12/07/22,14,19,heli,velutia,3,New,24.1,8.4,,1,0,0,,,,,
8,12/07/22,14,19,heli,velutia,4,New,24.1,8.4,,1,0,0.826,,,,,
8,12/07/22,14,19,heli,velutia,5,Old,28.3,6.4,,1,0,0,,,,,
8,12/07/22,14,19,heli,velutia,6,Old,33,8.1,,1,0,0,,,,,
8,12/07/22,14,19,heli,velutia,7,Old,33,8.1,,1,0.378,0,,,,,
8,12/07/22,14,19,heli,velutia,8,Old,36.1,8.7,,1,0,0,,,,,
9,12/07/22,14,19,heli,stricta,1,New,55.2,22.3,,1,0,39,,,,,
9,12/07/22,14,19,heli,stricta,2,New,47.3,19.3,,1,0,0,,,,,
9,12/07/22,14,19,heli,stricta,3,Old,67,26.2,,1,15.2761,0,,,,,
9,12/07/22,14,19,heli,stricta,4,Old,73.5,23.2,,1,0.63,0,,,,,
9,12/07/22,14,19,heli,stricta,5,Old,50.8,21.7,,1,1.257,0,,,,,
9,12/07/22,14,19,heli,stricta,6,Old,77.2,28.3,,1,3.366,0,,,,,
10,13/07/22,11,21,heli,velutia,1,New,37.7,15,,1,5,0,,,,,
10,13/07/22,11,21,heli,velutia,2,New,64.1,20,,1,24.5922,0,,,,,
10,13/07/22,11,21,heli,velutia,3,New,60.3,18.7,,1,2.357,0,,,,,
10,13/07/22,11,21,heli,velutia,4,New,63.5,21.5,,1,0,0,,,,,
10,13/07/22,11,21,heli,velutia,5,Old,42.3,17.2,,1,2.64,0,,,,,
10,13/07/22,11,21,heli,velutia,6,Old,55.3,18.9,,1,24,0,,,,,
10,13/07/22,11,21,heli,velutia,7,Old,55.6,18,,1,7,0,,,,,
10,13/07/22,11,21,heli,velutia,8,Old,61,19.6,,1,0,0,,,,,
11,13/07/22,7,7,heli,stricta,1,New,48.5,15.5,,1,0,0,,,,,
11,13/07/22,7,7,heli,stricta,2,New,55.4,17.2,,1,0,0,,,,,
11,13/07/22,7,7,heli,stricta,3,New,63.5,19.2,,1,52,0,,,,,
11,13/07/22,7,7,heli,stricta,4,New,43.5,18.2,,1,6,0,,,,,
11,13/07/22,7,7,heli,stricta,5,Old,44.5,16.3,,1,73,0,,,,,
11,13/07/22,7,7,heli,stricta,6,Old,31.7,13.9,,1,3,0,,,,,
12,13/07/22,6,21,heli,velutia,1,New,75.5,24,,1,0,0,,,,,
12,13/07/22,6,21,heli,velutia,2,New,78,24,,1,0,0,,,,,
12,13/07/22,6,21,heli,velutia,3,New,78.5,24,,1,0,0,,,,,
12,13/07/22,6,21,heli,velutia,4,New,73.4,24,,1,0,0,,,,,
12,13/07/22,6,21,heli,velutia,5,Old,59.8,20,,1,11,0,,,,,
12,13/07/22,6,21,heli,velutia,6,Old,77.2,21.5,,1,0,0,,,,,
12,13/07/22,6,21,heli,velutia,7,Old,55.3,23.5,,1,20,0,,,,,
12,13/07/22,6,21,heli,velutia,8,Old,50,21,,1,5,0,,,,,
13,13/07/22,22,11,heli,stricta,1,New,120,23.5,,1,0,0,,,,,
13,13/07/22,22,11,heli,stricta,2,New,120,23.5,,1,18.107,0,,,,,
13,13/07/22,22,11,heli,stricta,3,New,93,23,,1,2.262,0,,,,,
13,13/07/22,22,11,heli,stricta,4,New,93.5,23,,1,0.165,0,,,,,
13,13/07/22,22,11,heli,stricta,5,Old,73.5,18,,1,13,0,,,,,
13,13/07/22,22,11,heli,stricta,6,Old,115,25,,1,36,0,,,,,
13,13/07/22,22,11,heli,stricta,7,Old,95,27,,1,12,0,,,,,
13,13/07/22,22,11,heli,stricta,8,Old,72.3,17,,1,7,0,,,,,
14,13/07/22,22,12,heli,stricta,1,New,47.5,21.2,,1,2,19.167,,,,,
14,13/07/22,22,12,heli,stricta,2,New,52.7,21.9,,1,6,0,,,,,
14,13/07/22,22,12,heli,stricta,3,New,67.5,24.7,,1,9,0,,,,,
14,13/07/22,22,12,heli,stricta,4,New,53.6,24,,1,4,0,,,,,
14,13/07/22,22,12,heli,stricta,5,Old,64.6,24.5,,1,9,0,,,,,
14,13/07/22,22,12,heli,stricta,6,Old,63.6,22.5,,1,10,0,,,,,
14,13/07/22,22,12,heli,stricta,7,Old,55.2,24,,1,9,0,,,,,
14,13/07/22,22,12,heli,stricta,8,Old,55.5,19,,1,3,0,,,,,
15,13/07/22,22,10,cost,scaber,1,New,6.8,2.6,,1,0,0,,,,,
15,13/07/22,22,10,cost,scaber,2,New,7.1,2.7,,1,0,0,,,,,
15,13/07/22,22,10,cost,scaber,3,New,8,3.1,,1,0,0,,,,,
15,13/07/22,22,10,cost,scaber,4,New,9.2,3.4,,1,0,0,,,,,
15,13/07/22,22,10,cost,scaber,5,Old,9.9,3.9,,1,0,3.378,,,,,
15,13/07/22,22,10,cost,scaber,6,Old,8.5,3.9,,1,1.131,0,,,,,
15,13/07/22,22,10,cost,scaber,7,Old,6.6,3.9,,1,0,0,,,,,
16,14/07/22,17,7,heli,stricta,1,New,60.4,16.8,,1,0,0,,,,,
16,14/07/22,17,7,heli,stricta,2,New,65.5,18.4,,1,4.025,0,,,,,
16,14/07/22,17,7,heli,stricta,3,Old,37.5,15,,1,0,0,,,,,
16,14/07/22,17,7,heli,stricta,4,Old,51,15,,1,9.621,0,,,,,
17,14/07/22,17,7,heli,stricta,1,New,56,13.1,,1,0,0,,,,,
17,14/07/22,17,7,heli,stricta,2,New,61.2,15.3,,1,17,0,,,,,
17,14/07/22,17,7,heli,stricta,3,Old,48,17.4,,1,30,0,,,,,
17,14/07/22,17,7,heli,stricta,4,Old,57,15.9,,1,16.264,0,,,,,
18,14/07/22,17,7,heli,stricta,1,New,101.4,23.9,,1,26,0,,,,,
18,14/07/22,17,7,heli,stricta,2,New,100,22.7,,1,0,0,,,,,
18,14/07/22,17,7,heli,stricta,3,Old,77.9,23.2,,1,14,0,,,,,
18,14/07/22,17,7,heli,stricta,4,Old,33.5,13.1,,1,0,0,,,,,
19,14/07/22,,,cost,scaber,1,New,41,10.6,,1,14,1.518,,,,,
19,14/07/22,,,cost,scaber,2,New,41,11.2,,1,0,11.567,,,,,
19,14/07/22,,,cost,scaber,3,New,44.9,11.4,,1,0.126,3.93,,,,,
19,14/07/22,,,cost,scaber,4,New,42.4,11.1,,1,0,2.252,,,,,
19,14/07/22,,,cost,scaber,5,Old,43.2,10.1,,1,0.126,2.252,,,,,
19,14/07/22,,,cost,scaber,6,Old,38,10.8,,1,3.088,0,,,,,
19,14/07/22,,,cost,scaber,7,Old,44.9,11.3,,1,0.252,0,,,,,
19,14/07/22,,,cost,scaber,8,Old,42.3,10.7,,1,0,0,,,,,
19,14/07/22,,,cost,scaber,Terminal,New,na,na,,1,na,0.504,,,,,
20,14/07/22,,,cost,scaber,1,New,13,4.8,,1,12,0,,,,,
20,14/07/22,,,cost,scaber,2,New,15.5,5.5,,1,0.126,0.126,,,,,
20,14/07/22,,,cost,scaber,3,New,22.9,7.4,,1,0.165,0.126,,,,,
20,14/07/22,,,cost,scaber,4,New,25.5,8.1,,1,0,0,,,,,
20,14/07/22,,,cost,scaber,5,Old,24.5,8.8,,1,0,0,,,,,
20,14/07/22,,,cost,scaber,6,Old,24.3,8,,1,6,0,,,,,
20,14/07/22,,,cost,scaber,7,Old,32.5,10.7,,1,10,0,,,,,
20,14/07/22,,,cost,scaber,8,Old,33.5,11.2,,1,0,0,,,,,
21,15/07/22,7,12,heli,,1,New,60,21,,1,0.882,0,,,,,
21,15/07/22,7,12,heli,,2,New,51.6,20.3,,1,0,0,,,,,
21,15/07/22,7,12,heli,,3,Old,44,18.5,,1,0,0,,,,,
21,15/07/22,7,12,heli,,4,Old,24,11.5,,1,0,0,,,,,
22,15/07/22,7,12,cost,scaber,1,Old,33.5,10.3,,1,0.401,1.62,,,,,
22,15/07/22,7,12,cost,scaber,2,Old,33.5,10,,1,0.126,13.448,,,,,
22,15/07/22,7,12,cost,scaber,3,Old,32.3,10.5,,1,1.383,22.852,,,,,
22,15/07/22,7,12,cost,scaber,4,Old,32,11.4,,1,4.479,1.564,,,,,
22,15/07/22,7,12,cost,scaber,5,Old,33.8,10.8,,1,7.071,1.383,,,,,
22,15/07/22,7,12,cost,scaber,6,Old,36,11.4,,1,12,0,,,,,
22,15/07/22,7,12,cost,scaber,7,Old,34,11.5,,1,23,0,,,,,
22,15/07/22,7,12,cost,scaber,8,Old,34.5,11.7,,1,59,0,,,,,
23,15/07/22,7,13,heli,stricta,1,New,45.7,19.5,,1,0.63,0,,,,,
23,15/07/22,7,13,heli,stricta,2,Old,45.5,21.5,,1,13.6,0,,,,,
23,15/07/22,7,13,heli,stricta,3,Old,39.5,17,,1,0,0,,,,,
24,15/07/22,7,12,heli,stricta,1,New,60.4,19.7,,1,29,0,,,,,
24,15/07/22,7,12,heli,stricta,2,New,62,20.7,,1,10,0,,,,,
24,15/07/22,7,12,heli,stricta,3,Old,43,19.5,,1,23,0,,,,,
24,15/07/22,7,12,heli,stricta,4,Old,4.7,15,,1,14,0,,,,,
25,15/07/22,6,14,cost,scaber,1,New,28,8,,1,7,0,,,,,
25,15/07/22,6,14,cost,scaber,2,New,28.4,7.6,,1,11,0,,,,,
25,15/07/22,6,14,cost,scaber,3,New,30,8.5,,1,0,0,,,,,
25,15/07/22,6,14,cost,scaber,4,New,31,8.1,,1,6.41,0,,,,,
25,15/07/22,6,14,cost,scaber,5,Old,31,8.5,,1,0,4.925,,,,,
25,15/07/22,6,14,cost,scaber,6,Old,31,9,,1,3.087,3.456,,,,,
25,15/07/22,6,14,cost,scaber,7,Old,28.5,9,,1,10.27,6.284,,,,,
25,15/07/22,6,14,cost,scaber,8,Old,31,9.5,,1,2.361,1.258,,,,,
26,15/07/22,7,10,cost,scaber,1,New,11.5,5.5,,1,4,0,,,,,
26,15/07/22,7,10,cost,scaber,2,New,13.5,6.5,,1,12,0,,,,,
26,15/07/22,7,10,cost,scaber,3,New,12,,,1,15,0,,,,,
26,15/07/22,7,10,cost,scaber,4,New,13.5,5,,1,15,0,,,,,
26,15/07/22,7,10,cost,scaber,5,Old,25,9,,1,7,2,,,,,
26,15/07/22,7,10,cost,scaber,6,Old,27.5,9.5,,1,0,8,,,,,
26,15/07/22,7,10,cost,scaber,7,Old,27,9.5,,1,0.5,0,,,,,
26,15/07/22,7,10,cost,scaber,8,Old,26.5,10,,1,0,0,,,,,
27,15/07/22,6,10,cost,scaber,1,New,27.9,6,,1,0,0,,,,,
27,15/07/22,6,10,cost,scaber,2,New,32,9.8,,1,0,0,,,,,
27,15/07/22,6,10,cost,scaber,3,New,29,10,,1,15,0,,,,,
27,15/07/22,6,10,cost,scaber,4,New,33,10,,1,0,6,,,,,
27,15/07/22,6,10,cost,scaber,5,Old,29,10,,1,9,1,,,,,
27,15/07/22,6,10,cost,scaber,6,Old,24,9.3,,1,23,0,,,,,
27,15/07/22,6,10,cost,scaber,7,Old,33,11,,1,26,4,,,,,
27,15/07/22,6,10,cost,scaber,8,Old,36,11.5,,1,3,4,,,,,
28,15/07/22,4,9,heli,stricta,1,Young,64,25,,1,0,0,,,,,
28,15/07/22,4,9,heli,stricta,2,Young,37,17.6,,1,1,0,,,,,
28,15/07/22,4,9,heli,stricta,3,Old,66,24.5,,2,14,0,,,,,
28,15/07/22,4,9,heli,stricta,4,Old,74,20,,2,14,0,,,,,
28,15/07/22,4,9,heli,stricta,5,Old,75,23.5,,2,40.401,0,,,,,
28,15/07/22,4,9,heli,stricta,6,Old,75,23,,2,12,0,,,,,
28,15/07/22,4,9,heli,stricta,7,Old,39,15.5,,2,7.5,0,,,,,
29,15/07/22,5,9,heli,stricta,1,Young,46.8,14.3,,1,0,,,,,,
29,15/07/22,5,9,heli,stricta,2,Old,54,17.4,,1,29,1,,,,,
29,15/07/22,5,9,heli,stricta,3,Old,43,18,,1,126,0,,,,,
29,15/07/22,5,9,heli,stricta,5,Old,49.5,19.8,,2,0,0,,,,,
29,15/07/22,5,9,heli,stricta,4,Young,40,18.3,,2,0,0,,,,,
29,15/07/22,5,9,heli,stricta,6,Old,25,14,,1,40,13,,,,,
29,15/07/22,5,9,heli,stricta,7,Old,24.5,12.5,,2,3,0,,,,,
30,15/07/22,5,10,cost,scaber,1,New,21.4,6,,1,0,2.33,,,,,
30,15/07/22,5,10,cost,scaber,2,New,30,11,,1,3,0,,,,,
30,15/07/22,5,10,cost,scaber,3,New,31,11.2,,1,0,1,,,,,
30,15/07/22,5,10,cost,scaber,4,New,33.9,12.5,,1,1,3,,,,,
30,15/07/22,5,10,cost,scaber,5,Old,33,12,,1,1,0,,,,,
30,15/07/22,5,10,cost,scaber,6,Old,31,12.1,,1,1,0,,,,,
30,15/07/22,5,10,cost,scaber,7,Old,22.5,10.5,,1,0,0,,,,,
31,16/07/22,16,4,heli,velutia,1,New,50.5,17.9,,1,0,0,,,,,
31,16/07/22,16,4,heli,velutia,2,New,48.33,18.1,,1,0,0,,,,,
31,16/07/22,16,4,heli,velutia,3,Old,50.5,18.5,,1,16.5,0,,,,,
31,16/07/22,16,4,heli,velutia,4,Old,44,21.5,,1,136,0,,,,,
32,16/07/22,16,3,heli,velutia,2,New,51,22.3,,1,0,0,,,,,
32,16/07/22,16,3,heli,velutia,1,New,22,10.6,,1,0,0,,,,,
32,16/07/22,16,3,heli,velutia,3,Old,67.7,24,,1,9,0,,,,,
32,16/07/22,16,3,heli,velutia,4,Old,65.3,26.3,,1,15,0.5,,,,,
32,16/07/22,16,3,heli,velutia,5,Old,48.6,22.1,,1,0,0,,,,,
33,16/07/22,10,0,cost,scaber,1,New,21,9.5,,1,2,8,,,,,
33,16/07/22,10,0,cost,scaber,2,New,24.8,9.3,,1,1,0,,,,,
33,16/07/22,10,0,cost,scaber,3,Old,25.5,9.9,,1,0,0,,,,,
33,16/07/22,10,0,cost,scaber,4,Old,27.5,9.8,,1,6,3,,,,,
33,16/07/22,10,0,cost,scaber,5,Old,27.5,9.8,,1,10,8,,,,,
33,16/07/22,10,0,cost,scaber,6,Old,21.9,8,,1,23,10,,,,,
33,16/07/22,10,0,cost,scaber,7,Old,16.5,7,,1,22,0,,,,,
33,16/07/22,10,0,cost,scaber,8,Old,23.5,10.5,,1,20,0,,,,,
34,16/07/22,9,0,heli,stricta,1,New,31.5,11,,1,0,0,,,,,
34,16/07/22,9,0,heli,stricta,2,Old,68.5,13,,1,2,0,,,,,
34,16/07/22,9,0,heli,stricta,3,Old,60,19.5,,1,4,0,,,,,
34,16/07/22,9,1,heli,stricta,4,Old,50.5,21.9,,1,10,0,,,,,
35,16/07/22,8,1,heli,stricta,1,New,46.5,12.8,,1,0,0,,,,,
35,16/07/22,8,1,heli,stricta,2,New,46,12.5,,1,1,0,,,,,
35,16/07/22,8,1,heli,stricta,3,Old,45.7,14.3,,1,6,0,,,,,
35,16/07/22,8,1,heli,stricta,4,Old,47,16.3,,1,19,0,,,,,
35,16/07/22,8,1,heli,stricta,5,Old,38,16.5,,1,7,0,,,,,
36,16/07/22,22,6,heli,stricta,1,New,70,24.5,,1,2,1.5,,,,,
36,16/07/22,22,6,heli,stricta,2,New,23.9,23.9,,1,13,0,,,,,
36,16/07/22,22,6,heli,stricta,3,Old,18.6,18.6,,1,1,0,,,,,
37,16/07/22,,,cost,scaber,1,New,17.3,3.9,,1,0,0.33,,,,,
37,16/07/22,,,cost,scaber,2,New,19.4,3.6,,1,0,1,,,,,
37,16/07/22,,,cost,scaber,3,New,21.3,4.6,,1,0,0,,,,,
37,16/07/22,,,cost,scaber,4,Old,18.9,4.1,,1,3,0,,,,,
37,16/07/22,,,cost,scaber,5,Old,22.4,4.4,,1,2,2,,,,,
37,16/07/22,,,cost,scaber,6,Old,22.3,4.1,,1,1,0,,,,,
37,16/07/22,,,cost,scaber,7,Old,23,4.5,,1,1,0,,,,,
37,16/07/22,,,cost,scaber,8,Old,24,4.7,,1,0.5,0,,,,,
38,19/07/22,Station,,cost,scaber,1,New,30.3,11.4,,1,0,0,,,,,
38,19/07/22,Station,,cost,scaber,2,New,32.5,12,,1,0.5,0,,,,,
38,19/07/22,Station,,cost,scaber,3,New,33,11.8,,1,19,0,,,,,
38,19/07/22,Station,,cost,scaber,4,New,34.5,11.8,,1,0,1,,,,,
38,19/07/22,Station,,cost,scaber,5,Old,33.1,12.4,,1,5,0,,,,,
38,19/07/22,Station,,cost,scaber,6,Old,33.3,11.8,,1,2,0.5,,,,,
38,19/07/22,Station,,cost,scaber,7,Old,31,11.5,,1,0.33,1.5,,,,,
38,19/07/22,Station,,cost,scaber,8,Old,30.6,11.6,,1,0,0.126,,,,,
39,19/07/22,Station,,heli,velutia,1,New,91.5,23.4,,1,5,0,,,,,
39,19/07/22,Station,,heli,velutia,2,New,91,22.5,,1,4,0,,,,,
39,19/07/22,Station,,heli,velutia,3,Old,70,15,,1,29,0,,,,,
39,19/07/22,Station,,heli,velutia,4,Old,86.8,15.4,,1,1,0,,,,,
39,19/07/22,Station,,heli,velutia,1,New,8.5,3.9,,1,8,0,,,,,
40,19/07/22,Station,,cost,scaber,2,New,9.5,4,,1,23,0,,,,,
40,19/07/22,Station,,cost,scaber,3,New,9.5,4,,1,20,3,,,,,
40,19/07/22,Station,,cost,scaber,4,New,9.5,4,,1,32,0,,,,,
40,19/07/22,Station,,cost,scaber,5,Old,30,10.7,,1,12,9,,,,,
40,19/07/22,Station,,cost,scaber,6,Old,32.5,11.8,,1,0.25,5,,,,,
40,19/07/22,Station,,cost,scaber,7,Old,35.6,12.5,,1,3,2,,,,,
40,19/07/22,Station,,cost,scaber,8,Old,35.5,12.4,,1,0,5,,,,,
41,19/07/22,Station,,heli,stricta,1,New,54.5,21.5,,1,4,5,,,,,
41,19/07/22,Station,,heli,stricta,2,Old,57,22.5,,1,1,0,,,,,
41,19/07/22,Station,,heli,stricta,3,Old,56.5,18.8,,1,7,0,,,,,
42,19/07/22,Station,,cost,scaber,1,New,26,7.5,,1,8,0,,,,,
42,19/07/22,Station,,cost,scaber,2,New,27.5,8,,1,0,0,,,,,
42,19/07/22,Station,,cost,scaber,3,New,27.3,7.5,,1,2,0,,,,,
42,19/07/22,Station,,cost,scaber,4,New,26.1,7.7,,1,3,0.5,,,,,
42,19/07/22,Station,,cost,scaber,5,Old,26.5,7.8,,1,9,0,,,,,
42,19/07/22,Station,,cost,scaber,6,Old,25,7.5,,1,0,0,,,,,
42,19/07/22,Station,,cost,scaber,7,Old,23.4,7.6,,1,0,14,,,,,
42,19/07/22,Station,,cost,scaber,8,Old,22.3,7.1,,1,0,0,,,,,
43,19/07/22,Station,,heli,stricta,1,New,3,16.8,,,23,0,,,,,
43,19/07/22,Station,,heli,stricta,2,Old,81,24,,,15,0,,,,,
43,19/07/22,Station,,heli,stricta,3,Old,57,20.5,,,17,0,,,,,
44,19/07/22,Station,,cost,scaber,1,New,23.5,8.2,,,0,2,,,,,
44,19/07/22,Station,,cost,scaber,2,New,26.7,10.4,,,2,0.25,,,,,
44,19/07/22,Station,,cost,scaber,3,New,25.6,10.4,,,1.25,0,,,,,
44,19/07/22,Station,,cost,scaber,4,New,23,9.5,,,3.5,7.5,,,,,
44,19/07/22,Station,,cost,scaber,5,Old,24.5,10.3,,,9,14,,,,,
44,19/07/22,Station,,cost,scaber,6,Old,26,10.5,,,4,12.75,,,,,
44,19/07/22,Station,,cost,scaber,7,Old,25,11,,,1,9,,,,,
44,19/07/22,Station,,cost,scaber,8,Old,26.5,11.5,,,8,0,,,,,
45,19/07/22,Station,,cost,scaber,1,New,26.5,9,,,20,3,,,,,
45,19/07/22,Station,,cost,scaber,2,New,28,9.3,,,0,0,,,,,
45,19/07/22,Station,,cost,scaber,3,New,30.2,9.6,,,1.5,0,,,,,
45,19/07/22,Station,,cost,scaber,4,New,31.2,10.4,,,1,0,,,,,
45,19/07/22,Station,,cost,scaber,5,Old,29.5,10,,,0.33,0,,,,,
45,19/07/22,Station,,cost,scaber,6,Old,25.5,9,,,26,0,,,,,
45,19/07/22,Station,,cost,scaber,7,Old,28.5,10.7,,,5,0,,,,,
45,19/07/22,Station,,cost,scaber,8,Old,28,11.5,,,1,0,,,,,
46,19/07/22,Station,,cost,scaber,1,New,20.3,12.6,,,0,0,,,,,
46,19/07/22,Station,,cost,scaber,2,New,36.5,13,,,0,0,,,,,
46,19/07/22,Station,,cost,scaber,3,New,33.5,12.5,,,0,0,,,,,
46,19/07/22,Station,,cost,scaber,4,New,34,12.6,,,0,0,,,,,
46,19/07/22,Station,,cost,scaber,5,New,29,12.1,,,0,0,,,,,
46,19/07/22,Station,,cost,scaber,6,Old,24,11.3,,,0,0,,,,,
46,19/07/22,Station,,cost,scaber,7,Old,16,9,,,0,0,,,,,
47,19/07/22,Station,,cost,scaber,1,New,13,6,,,3,0,,,,,
47,19/07/22,Station,,cost,scaber,2,new,10,4.5,,,7,0,,,,,
47,19/07/22,Station,,cost,scaber,3,New,13,5.5,,,1.5,0,,,,,
47,19/07/22,Station,,cost,scaber,4,Old,16.5,6.4,,,2,1,,,,,
47,19/07/22,Station,,cost,scaber,5,Old,16.3,6.5,,,1,0,,,,,
47,19/07/22,Station,,cost,scaber,6,Old,16.4,6.5,,,0,0,,,,,
47,19/07/22,Station,,cost,scaber,7,Old,15.5,6.3,,,0,0,,,,,
47,19/07/22,Station,,cost,scaber,8,Old,12,5.6,,,1,0,,,,,
48,20/07/22,10,10,heliI,stricta,1,Old,51,17.4,,,0,0,,,,,
48,20/07/22,10,10,heli,stricta,2,Old,51,17.4,,,448,0,,,,,
48,20/07/22,10,10,heliI,stricta,3,Old,55,21,,,0,0,,,,,
48,20/07/22,10,10,heli,stricta,4,Old,60,24.3,,,45,0,,,,,
49,20/07/22,3,5,heli,stricta,1,New,48,18.4,,,0,0,,,,,
49,20/07/22,3,5,heli,stricta,2,New,48.5,18.5,,,0,0,,,,,
49,20/07/22,3,5,heli,stricta,3,Old,46.6,19,,,7,0,,,,,
49,20/07/22,3,5,heli,stricta,4,Old,41.1,19.3,,,7,0,,,,,
50,20/07/22,2,2,cost,scaber,1,New,28.4,9.2,,,13,3,,,,,
50,20/07/22,2,2,cost,scaber,2,New,27,11.1,,,9,0,,,,,
50,20/07/22,2,2,cost,scaber,3,New,22,10,,,3,12,,,,,
50,20/07/22,2,2,cost,scaber,4,Old,29.9,12,,,2,6,,,,,
50,20/07/22,2,2,cost,scaber,5,Old,29.9,12,,,20,7,,,,,
50,20/07/22,2,2,cost,scaber,6,Old,22.2,10.4,,,4,6,,,,,
51,20/07/22,2,2,heli,stricta,1,New,665.4,26,,,3,0,,,,,
51,20/07/22,2,2,heli,stricta,2,New,36,19.1,,,3,0,,,,,
51,20/07/22,2,2,heli,stricta,3,Old,46.5,23,,,3,0,,,,,
51,20/07/22,2,2,heli,stricta,4,Old,44,23,,,10,0,,,,,
51,20/07/22,2,2,heli,stricta,5,Old,54.5,15,,,10,0,,,,,
52,20/07/22,5,2,cost,scaber,1,Old,30.7,9.2,,,0,2,,,,,
52,20/07/22,5,2,cost,scaber,2,Old,31.6,9.4,,,0,4,,,,,
52,20/07/22,5,2,cost,scaber,3,Old,32,10,,,0,0,,,,,
52,20/07/22,5,2,cost,scaber,4,Old,30.9,10.2,,,4,0,,,,,
52,20/07/22,5,2,cost,scaber,5,Old,29.7,10,,,0,9,,,,,
52,20/07/22,5,2,cost,scaber,6,Old,29.5,10.2,,,20,16,,,,,
52,20/07/22,5,2,cost,scaber,7,Old,3.1,10.5,,,2,2,,,,,
52,20/07/22,5,2,cost,scaber,8,Old,31.9,11.3,,,7,0,,,,,
53,20/07/22,1,5,heli,velutia,1,New,69,23.4,,,0,7,,,,,
53,20/07/22,1,5,heli,velutia,2,New,66.5,23.2,,,0,0,,,,,
53,20/07/22,1,5,heli,velutia,3,Old,22.4,12,,,0,0,,,,,
53,20/07/22,1,5,heli,velutia,4,Old,48,19.5,,,0,0,,,,,
54,20/07/22,1,3,heli,stricta,1,New,57.5,16,,,0,0,,,,,
54,20/07/22,1,3,heli,stricta,2,Old,55,17,,,12,0,,,,,
54,20/07/22,1,3,heli,stricta,3,Old,52.3,15.5,,,2,0,,,,,
55,20/07/22,1,3,cost,scaber,1,New,32.5,6.5,,,3,0,,,,,
55,20/07/22,1,3,cost,scaber,2,New,34.1,6.5,,,0,2,,,,,
55,20/07/22,1,3,cost,scaber,3,New,32.5,6.5,,,1,3,,,,,
55,20/07/22,1,3,cost,scaber,4,New,33,6.5,,,2,0,,,,,
55,20/07/22,1,3,cost,scaber,5,Old,35,6.6,,,0,0,,,,,
55,20/07/22,1,3,cost,scaber,6,Old,34.8,7,,,0,0,,,,,
55,20/07/22,1,3,cost,scaber,7,Old,36.2,7,,,3,0,,,,,
55,20/07/22,1,3,cost,scaber,8,Old,38.6,7,,,0,0,,,,,
56,20/07/22,7,9,heli,velutia,1,New,62.5,17.9,,,3,0,,,,,
56,20/07/22,7,9,heli,velutia,2,New,49.2,18.5,,,0,0,,,,,
56,20/07/22,7,9,heli,velutia,3,Old,72.5,21.9,,,1,0,,,,,
56,20/07/22,7,9,heli,velutia,4,Old,62.6,22.3,,,35,0,,,,,
56,20/07/22,7,9,heli,velutia,5,Old,66.5,24.3,,,320,0,,,,,
57,20/07/22,9,5,cost,scaber,1,New,7.1,3.3,,,0,0,,,,,
57,20/07/22,9,5,cost,scaber,2,New,12.5,5.1,,,0,0,,,,,
57,20/07/22,9,5,cost,scaber,3,New,15.1,6.2,,,5,0,,,,,
57,20/07/22,9,5,cost,scaber,4,New,15,6.7,,,10,0,,,,,
57,20/07/22,9,5,cost,scaber,5,New,11,5.5,,,10,0,,,,,
57,20/07/22,9,5,cost,scaber,6,Old,14.2,4.9,,,15,6,,,,,
57,20/07/22,9,5,cost,scaber,7,Old,26,8.7,,,2,9,,,,,
57,20/07/22,9,5,cost,scaber,8,Old,27,9,,,8,4,,,,,
58,21/07/22,17,16,heli,velutia,1,New,48.9,19.9,,,0,0,,,,,
58,21/07/22,17,16,heli,velutia,2,Nw,47.5,19,,,1,3,,,,,
58,21/07/22,17,16,heli,velutia,3,Old,46,19.4,,,0.5,0,,,,,
58,21/07/22,17,16,heli,velutia,4,Old,42.6,19.2,,,4,0,,,,,
58,21/07/22,17,16,heli,velutia,5,Old,35.7,17.2,,,1,0,,,,,
59,21/07/22,18,17,heli,velutia,1,New,53.2,21,,,1,0,,,,,
59,21/07/22,18,17,heli,velutia,2,New,47,17.5,,,0,1,,,,,
59,21/07/22,18,17,heli,velutia,3,New,17.1,9,,,0,0,,,,,
59,21/07/22,18,17,heli,velutia,4,Old,52,16.5,,,1,12,,,,,
59,21/07/22,18,17,heli,velutia,5,Old,56.4,17.9,,,1,0,,,,,
61,21/07/22,17,16,heli,stricta,1,New,65.2,24.4,,,0,21,,,,,
61,21/07/22,17,16,heli,stricta,2,New,51.3,18.5,,,30,0,,,,,
61,21/07/22,17,16,heli,stricta,3,Old,62.2,19.7,,,7,0,,,,,
61,21/07/22,17,16,heli,stricta,4,Old,51.3,19,,,2,0,,,,,
61,21/07/22,17,16,heli,stricta,5,Old,60.5,18.2,,,6,0,,,,,
61,21/07/22,17,16,heli,stricta,6,Old,45,17.5,,,6,0,,,,,
62,21/07/22,15,18,heli,velutia,1,New,61.2,18.4,,,0,0,,,,,
62,21/07/22,15,18,heli,velutia,2,New,66.1,18.6,,,0,0,,,,,
62,21/07/22,15,18,heli,velutia,3,Old,58.2,20.6,,,17,0,,,,,
62,21/07/22,15,18,heli,velutia,4,Old,58.2,20.9,,,20,0,,,,,
62,21/07/22,15,18,heli,velutia,5,Old,58.2,20.6,,,400,0,,,,,
62,21/07/22,15,18,heli,velutia,6,Old,58.2,29.6,,,400,0,,,,,
63,21/07/22,15,19,heli,velutia,1,New,55.5,22.9,,,0,0,,,,,
63,21/07/22,15,19,heli,velutia,2,Old,82,23,,,10,0,,,,,
63,21/07/22,15,19,heli,velutia,3,Old,95,25.5,,,8,0,,,,,
63,21/07/22,15,19,heli,velutia,4,Old,67.2,24,,,30,0,,,,,
64,22/07/22,6,12,heli,stricta,1,New,57.4,21.2,,,0,0,,,,,
64,22/07/22,6,12,heli,stricta,2,New,28.5,13.5,,,0,0,,,,,
64,22/07/22,6,12,heli,stricta,3,Old,73,24.2,,,0,0,,,,,
64,22/07/22,6,12,heli,stricta,4,Old,65.7,24.2,,,2,0,,,,,
64,22/07/22,6,12,heli,stricta,5,Old,45,29.9,,,0,0,,,,,
66,22/07/22,6,12,cost,scaber,1,New,21.6,7.7,,,0,0,,,,,
66,22/07/22,6,12,cost,scaber,2,New,20,7.7,,,0,2,,,,,
66,22/07/22,6,12,cost,scaber,3,New,17.6,7.1,,,2,5,,,,,
66,22/07/22,6,12,cost,scaber,4,Old,17.6,7.1,,,10,0,,,,,
66,22/07/22,6,12,cost,scaber,5,Old,17.6,7.1,,,15,0,,,,,
66,22/07/22,6,12,cost,scaber,6,Old,17.5,7.2,,,4,4,,,,,
66,22/07/22,6,12,cost,scaber,7,Old,16.5,7.5,,,3,1,,,,,
66,22/07/22,6,12,cost,scaber,8,Old,13,7.4,,,2,1,,,,,
67,22/07/22,9,11,cost,scaber**,1,Old,21,4.1,,,0,0,,,,,
67,22/07/22,9,11,cost,scaber**,2,Old,22.2,4,,,0,0,,,,,
67,22/07/22,9,11,cost,scaber**,3,Old,23.2,4.2,,,0.126,0,,,,,
67,22/07/22,9,11,cost,scaber**,4,Old,23.5,4.5,,,2,2.5,,,,,
67,22/07/22,9,11,cost,scaber**,5,Old,22.9,4.5,,,5,2,,,,,
67,22/07/22,9,11,cost,scaber**,6,Old,25,4.6,,,0.4,1.5,,,,,
67,22/07/22,9,11,cost,scaber**,7,Old,24.2,4.5,,,5,0,,,,,
67,22/07/22,9,11,cost,scaber**,8,Old,24.2,4.7,,,2,7,,,,,
68,22/07/22,8,12,cost,scaber**,1,New,9.9,2.1,,,0,0,,,,,
68,22/07/22,8,12,cost,scaber**,2,New,12,2.2,,,0,0,,,,,
68,22/07/22,8,12,cost,scaber**,3,New,12.2,2.5,,,0,0,,,,,
68,22/07/22,8,12,cost,scaber**,4,New,12.2,2.4,,,0,0,,,,,
68,22/07/22,8,12,cost,scaber**,5,Old,10.5,2.4,,,0,0,,,,,
68,22/07/22,8,12,cost,scaber**,6,Old,9,2.4,,,0,0,,,,,
68,22/07/22,8,12,cost,scaber**,7,Old,15.5,3.3,,,10,0.5,,,,,
68,22/07/22,8,12,cost,scaber**,8,Old,15.7,3.3,,,0.5,0,,,,,
69,22/07/22,21,21,heli,velutia,1,New,60.7,20.5,,,1,0,,,,,
69,22/07/22,21,21,heli,velutia,2,New,56,20,,,0,0,,,,,
69,22/07/22,21,21,heli,velutia,3,New,48.5,18.13,,,0.33,0,,,,,
70,22/07/22,18,21,heli,velutia,1,New,56.6,22.9,,,1,0,,,,,
70,22/07/22,18,21,heli,velutia,2,Old,46.5,21.2,,,2,0,,,,,
70,22/07/22,18,21,heli,velutia,3,Old,49.5,19.2,,,4,0,,,,,
70,22/07/22,18,21,heli,velutia,4,Old,29.7,13.8,,,2,0,,,,,
71,23/07/22,8,12,heli,stricta,1,New,46.8,16,,,0,10,,,,,
71,23/07/22,8,12,heli,stricta,2,New,31.5,15.9,,,2,0,,,,,
71,23/07/22,8,12,heli,stricta,3,Old,32.2,14.9,,,2,3,,,,,
71,23/07/22,8,12,heli,stricta,4,Old,50,20.3,,,8,0,,,,,
72,23/07/22,8,12,rena,giga,1,Old,30.5,9.4,,,11,0,,,,,
72,23/07/22,8,12,rena,giga,2,Old,26.4,10.5,,,3,0,,,,,
72,23/07/22,8,12,rena,giga,3,Old,30.5,10,,,0,13,,,,,
72,23/07/22,8,12,rena,giga,4,Old,21,10.9,,,1,4,,,,,
73,23/07/22,9,12,rena,giga,1,New,21.2,8.7,,,0,3,,,,,
73,23/07/22,9,12,rena,giga,2,New,18.2,9,,,0,0,,,,,
73,23/07/22,9,12,rena,giga,3,New,9.2,5,,,0,0,,,,,
74,23/07/22,9,26,heli,velutia,1,New,53.7,18.6,,,0,0,,,,,
74,23/07/22,9,26,heli,velutia,2,New,52,19.3,,,0,0,,,,,
74,23/07/22,9,26,heli,velutia,3,New,55.2,18.5,,,0,0,,,,,
74,23/07/22,9,26,heli,velutia,4,Old,51.6,17.5,,,2.5,1,,,,,
74,23/07/22,9,26,heli,velutia,5,Old,50.3,19.4,,,22,0,,,,,
75,23/07/22,8,17,heli,velutia,1,New,38.9,13.5,,,0,0,,,,,
75,23/07/22,8,17,heli,velutia,2,New,28.3,11.8,,,0,0,,,,,
75,23/07/22,8,17,heli,velutia,3,Old,38,14,,,1,7,,,,,
76,24/07/22,,,rena,giga,1,Old,35,8.2,,,0,0,,,,,
76,24/07/22,,,rena,giga,2,Old,36.7,8.7,,,0,0,,,,,
76,24/07/22,,,rena,giga,3,Old,38,9,,,0,0,,,,,
76,24/07/22,,,rena,giga,4,Old,38.6,9.5,,,0,0,,,,,
76,24/07/22,,,rena,giga,5,Old,38.5,9.5,,,0.5,0,,,,,
76,24/07/22,,,rena,giga,6,Old,39,9.3,,,0,0,,,,,
76,24/07/22,,,rena,giga,7,Old,30.5,8.5,,,0.75,0,,,,,
77,24/07/22,,,rena,giga,1,New,23.3,4.5,,,30,0,,,,,
77,24/07/22,,,rena,giga,2,New,26.4,5,,,0,0,,,,,
77,24/07/22,,,rena,giga,3,New,26,6.4,,,3,0,,,,,
77,24/07/22,,,rena,giga,4,Old,28.1,5.2,,,2,0,,,,,
77,24/07/22,,,rena,giga,5,Old,30.5,6.6,,,0,0,,,,,
77,24/07/22,,,rena,giga,6,Old,31.6,7,,,0,0,,,,,
77,24/07/22,,,rena,giga,7,Old,31.6,7.6,,,0,0,,,,,
77,24/07/22,,,rena,giga,8,Old,33.7,7.9,,,0,0,,,,,
78,24/07/22,,,heli,velutia,1,New,43,17.5,,,0,0,,,,,
78,24/07/22,,,heli,velutia,2,New,45,18.5,,,0,0,,,,,
78,24/07/22,,,heli,velutia,3,New,41.5,17.5,,,0,0.33,,,,,
78,24/07/22,,,heli,velutia,4,Old,43,17.5,,,0.125,0,,,,,
78,24/07/22,,,heli,velutia,5,Old,31,14,,,0,0,,,,,
79,24/07/22,,,rena,giga,1,New,23.5,3.7,,,0,4.5,,,,,
79,24/07/22,,,rena,giga,2,New,24.5,4.2,,,0,0,,,,,
79,24/07/22,,,rena,giga,3,New,25.5,4.3,,,1,0,,,,,
79,24/07/22,,,rena,giga,4,Old,25.5,4.5,,,0,0,,,,,
79,24/07/22,,,rena,giga,5,Old,27.8,5.5,,,0,0,,,,,
79,24/07/22,,,rena,giga,6,Old,29.3,5.6,,,0.5,0.125,,,,,
79,24/07/22,,,rena,giga,7,Old,30.5,6.5,,,2,5,,,,,
79,24/07/22,,,rena,giga,8,Old,30.5,6.5,,,0.125,0,,,,,
80,24/07/22,,,heli,velutia,4,Old,43,20.3,,,2,0,,,,,
80,24/07/22,,,heli,velutia,5,Old,51.5,24,,,2,0,,,,,
80,24/07/22,,,heli,velutia,6,Old,50,22.6,,,1,0,,,,,
80,24/07/22,,,heli,velutia,1,New,41.1,19.5,,,0,3,,,,,
80,24/07/22,,,heli,velutia,7,Old,51.6,23.5,,,9,0,,,,,
80,24/07/22,,,heli,velutia,8,Old,46.5,19.5,,,3,0,,,,,
80,24/07/22,,,heli,velutia,2,New,46,20,,,2,0,,,,,
80,24/07/22,,,heli,velutia,3,New,46,19.5,,,0.5,0,,,,,
81,24/07/22,,,rena,giga,1,Old,44,8.6,,,0,0,,,,,
81,24/07/22,,,rena,giga,2,Old,47.5,9.5,,,0.5,0,,,,,
81,24/07/22,,,rena,giga,3,Old,50,10,,,3.5,0,,,,,
81,24/07/22,,,rena,giga,4,Old,50.5,10.5,,,2,0,,,,,
81,24/07/22,,,rena,giga,5,Old,50.5,11,,,0.5,4,,,,,
81,24/07/22,,,rena,giga,6,Old,51.5,11,,,4,0,,,,,
81,24/07/22,,,rena,giga,7,Old,50,10.5,,,49,3,,,,,
81,24/07/22,,,rena,giga,8,Old,52,13,,,1,0,,,,,
82,24/07/22,,,rena,giga,1,Old,28.5,5,,,1,0,,,,,
82,24/07/22,,,rena,giga,2,Old,28,5.5,,,0.5,0.5,,,,,
82,24/07/22,,,rena,giga,3,Old,28,5.3,,,0.2,2,,,,,
82,24/07/22,,,rena,giga,4,Old,29.5,0.3,,,1.75,0,,,,,
82,24/07/22,,,rena,giga,5,Old,30,6.5,,,0.25,0,,,,,
82,24/07/22,,,rena,giga,6,Old,28.5,6.5,,,1,3,,,,,
82,24/07/22,,,rena,giga,7,Old,28.5,6.3,,,2.5,0,,,,,
82,24/07/22,,,rena,giga,8,Old,25,6.7,,,0,5,,,,,
83,24/07/22,,,heli,velutia,1,New,42,14.3,,,2,0,,,,,
83,24/07/22,,,heli,velutia,2,New,40,14.2,,,2.5,0,,,,,
83,24/07/22,,,heli,velutia,3,New,35,12,,,20.2,0.5,,,,,
83,24/07/22,,,heli,velutia,4,Old,34.5,12.1,,,0,0,,,,,
83,24/07/22,,,heli,velutia,5,Old,35.6,10.8,,,2,0,,,,,
83,24/07/22,,,heli,velutia,6,Old,22.7,8.9,,,0.5,0,,,,,
83,24/07/22,,,heli,velutia,7,Old,27.5,11.3,,,2,1,,,,,
84,24/07/22,,,cost,scaber,1,New,27.5,7.5,,,0,2,,,,,
84,24/07/22,,,cost,scaber,2,New,27.6,8.1,,,0,4,,,,,
84,24/07/22,,,cost,scaber,3,New,25,7.9,,,5,1,,,,,
84,24/07/22,,,cost,scaber,4,New,25,7.2,,,10,0,,,,,
84,24/07/22,,,cost,scaber,5,Old,22.5,6.5,,,12,1,,,,,
84,24/07/22,,,cost,scaber,6,Old,22.6,7,,,13,4,,,,,
84,24/07/22,,,cost,scaber,7,Old,24,7.2,,,12,7,,,,,
84,24/07/22,,,cost,scaber,8,Old,24,7.3,,,12,4,,,,,
85,24/07/22,,,rena,giga,1,New,27.8,5,,,0,0,,,,,
85,24/07/22,,,rena,giga,2,New,25.2,5.5,,,0,0,,,,,
85,24/07/22,,,rena,giga,3,New,24.5,5.7,,,0.5,0,,,,,
85,24/07/22,,,rena,giga,4,New,27.1,7,,,0,0,,,,,
85,24/07/22,,,rena,giga,5,Old,25.5,7.5,,,0.125,0,,,,,
85,24/07/22,,,rena,giga,6,Old,22.5,8,,,0,0,,,,,
85,24/07/22,,,rena,giga,7,Old,18.1,7.5,,,0,0,,,,,
85,24/07/22,,,rena,giga,8,Old,7.2,4,,,0,0,,,,,
86,24/07/22,,,rena,giga,1,New,37,10.2,,,1,0,,,,,
86,24/07/22,,,rena,giga,2,New,39.3,10.9,,,0.5,0,,,,,
86,24/07/22,,,rena,giga,3,New,39.7,12,,,0,0.5,,,,,
86,24/07/22,,,rena,giga,4,Old,38.4,11,,,10,7,,,,,
86,24/07/22,,,rena,giga,5,Old,40.3,11.7,,,2,3,,,,,
86,24/07/22,,,rena,giga,6,Old,41.2,11.8,,,0,0,,,,,
86,24/07/22,,,rena,giga,7,Old,41.5,11.5,,,0,0,,,,,
86,24/07/22,,,rena,giga,8,Old,40.3,12.1,,,3,0,,,,,
87,25/07/22,5,24,rena,giga,1,Old,25,4.7,,,1,0,,,,,
87,25/07/22,5,24,rena,giga,2,Old,28.5,5.4,,,0,0,,,,,
87,25/07/22,5,24,rena,giga,3,Old,29,5.5,,,0,0,,,,,
87,25/07/22,5,24,rena,giga,4,Old,28,6.6,,,0,0,,,,,
87,25/07/22,5,24,rena,giga,5,Old,31,6.9,,,0,0,,,,,
87,25/07/22,5,24,rena,giga,6,Old,29,7.4,,,5,8,,,,,
87,25/07/22,5,24,rena,giga,7,Old,28.5,7.6,,,0,0,,,,,
87,25/07/22,5,24,rena,giga,8,Old,26.5,7.7,,,0.33,0,,,,,
88,25/07/22,5,24,cost,scaber,1,New,33,9.7,,,0,0,,,,,
88,25/07/22,5,24,cost,scaber,2,Old,33,9,,,1.5,0,,,,,
88,25/07/22,5,24,cost,scaber,3,Old,36.5,10.3,,,0,0,,,,,
88,25/07/22,5,24,cost,scaber,4,Old,38.5,10.5,,,5,0.3,,,,,
88,25/07/22,5,24,cost,scaber,5,Old,36.5,10.5,,,5,0,,,,,
88,25/07/22,5,24,cost,scaber,6,Old,37.5,10.9,,,8,0,,,,,
88,25/07/22,5,24,cost,scaber,7,Old,35.6,11.1,,,1.25,0,,,,,
88,25/07/22,5,24,cost,scaber,8,Old,31.5,10.5,,,0,0,,,,,
89,25/07/22,5,24,heli,velutia,1,New,27,13.2,,,0,0,,,,,
89,25/07/22,5,24,heli,velutia,2,Old,49.8,19,,,1,0,,,,,
89,25/07/22,5,24,heli,velutia,3,Old,60.5,22.2,,,1.5,0,,,,,
89,25/07/22,5,24,heli,velutia,4,Old,62.4,22.5,,,0,0,,,,,
89,25/07/22,5,24,heli,velutia,5,Old,44.5,20,,,20,0,,,,,
89,25/07/22,5,24,heli,velutia,6,Old,62.5,24.4,,,1,0,,,,,
90,25/07/22,6,23,rena,giga,1,New,24.5,4,,,0.5,0,,,,,
90,25/07/22,6,23,rena,giga,2,New,24,4.4,,,0.1,0,,,,,
90,25/07/22,6,23,rena,giga,3,New,23.7,5,,,0.3,0,,,,,
90,25/07/22,6,23,rena,giga,4,Old,22,5.6,,,0,0,,,,,
90,25/07/22,6,23,rena,giga,5,Old,17.5,5.5,,,1.5,0,,,,,
90,25/07/22,6,23,rena,giga,6,Old,12,4.4,,,0,0,,,,,
91,25/07/22,6,22,heli,stricta,1,New,50,19.5,,,5,17,,,,,
91,25/07/22,6,22,heli,stricta,2,New,47.5,19.7,,,0,0,,,,,
91,25/07/22,6,22,heli,stricta,3,Old,38.5,17,,,0.5,0,,,,,
91,25/07/22,6,22,heli,stricta,4,Old,26,12.2,,,30,6,,,,,
92,25/07/22,6,22,heli,velutia,1,New,40,13.7,,,0,0,,,,,
92,25/07/22,6,22,heli,velutia,2,New,36.5,15,,,0,0,,,,,
92,25/07/22,6,22,heli,velutia,3,Old,36.8,13.6,,,0,0,,,,,
92,25/07/22,6,22,heli,velutia,4,Old,34.5,15.5,,,0,0,,,,,
92,25/07/22,6,22,heli,velutia,5,Old,24,15.5,,,0,0,,,,,
93,25/07/22,5,22,rena,giga,1,New,24.4,7.9,,,0.5,5,,,,,
93,25/07/22,5,22,rena,giga,2,New,36.7,8.2,,,0,0,,,,,
93,25/07/22,5,22,rena,giga,3,New,37.2,8.5,,,2,2,,,,,
93,25/07/22,5,22,rena,giga,4,Old,40.2,8.9,,,7,7,,,,,
93,25/07/22,5,22,rena,giga,5,Old,42.3,10,,,0,0,,,,,
93,25/07/22,5,22,rena,giga,6,Old,43,10.3,,,3,3,,,,,
93,25/07/22,5,22,rena,giga,7,Old,45,11.3,,,0,2,,,,,
93,25/07/22,5,22,rena,giga,8,Old,48.7,11,,,0,0,,,,,
94,26/07/22,5,10,heli,velutia,1,New,34,13,,,0,0,,,,,
94,26/07/22,5,10,heli,velutia,2,New,34.5,11.8,,,0.33,0,,,,,
94,26/07/22,5,10,heli,velutia,3,New,27.5,11,,,1.5,0,,,,,
94,26/07/22,5,10,heli,velutia,4,Old,29.5,11.8,,,3,0,,,,,
94,26/07/22,5,10,heli,velutia,5,Old,25.5,9.2,,,0.5,0,,,,,
94,26/07/22,5,10,heli,velutia,6,Old,22.5,8.5,,,0,0,,,,,
94,26/07/22,5,10,heli,velutia,7,Old,14.5,6.8,,,2,0,,,,,
94,26/07/22,5,10,heli,velutia,8,Old,23,11,,,0,0,,,,,
95,26/07/22,7,9,heli,velutia,1,New,36.4,16.6,,,6,0,,,,,
95,26/07/22,7,9,heli,velutia,2,New,47.3,20,,,0,0,,,,,
95,26/07/22,7,9,heli,velutia,3,New,67,22.8,,,2,0,,,,,
95,26/07/22,7,9,heli,velutia,4,Old,67.3,23,,,6,3,,,,,
95,26/07/22,7,9,heli,velutia,5,Old,49,21.5,,,1,0,,,,,
96,26/07/22,7,9,heli,stricta,1,New,83,26.5,,,1,0,,,,,
96,26/07/22,7,9,heli,stricta,2,Old,88,26,,,20,0,,,,,
96,26/07/22,7,9,heli,stricta,3,Old,36,16.8,,,4,0,,,,,
96,26/07/22,7,9,heli,stricta,4,Old,77,25.5,,,3,0,,,,,
97,26/07/22,5,7,rena,giga,1,New,29,4,,,0,0,,,,,
97,26/07/22,5,7,rena,giga,2,New,29,8,,,0,0,,,,,
97,26/07/22,5,7,rena,giga,3,New,30,8.2,,,0,0,,,,,
97,26/07/22,5,7,rena,giga,4,Old,30,8,,,0.5,0,,,,,
97,26/07/22,5,7,rena,giga,5,Old,28,7.3,,,4,4,,,,,
97,26/07/22,5,7,rena,giga,6,Old,28.2,8,,,0,0,,,,,
97,26/07/22,5,7,rena,giga,7,Old,21.5,9,,,1,0,,,,,
97,26/07/22,5,7,rena,giga,8,Old,33.3,9.5,,,1.5,0,,,,,
98,26/07/22,4,5,cost,scaber,1,New,17.2,5.5,,,0,0,,,,,
98,26/07/22,4,5,cost,scaber,2,New,17.1,5.8,,,0,0,,,,,
98,26/07/22,4,5,cost,scaber,3,New,16.9,5.6,,,0,0,,,,,
98,26/07/22,4,5,cost,scaber,4,Old,18,6.6,,,1.5,0,,,,,
98,26/07/22,4,5,cost,scaber,5,Old,19,6.2,,,0,0,,,,,
98,26/07/22,4,5,cost,scaber,6,Old,18.5,6.8,,,1,0,,,,,
98,26/07/22,4,5,cost,scaber,7,Old,18.5,7,,,0,2,,,,,
98,26/07/22,4,5,cost,scaber,8,Old,19.7,7.3,,,0,0,,,,,
99,26/07/22,2,4,rena,giga,1,New,37.4,7.7,,,0,0,,,,,
99,26/07/22,2,4,rena,giga,2,New,37.5,7.6,,,0,0,,,,,
99,26/07/22,2,4,rena,giga,3,New,37,8,,,0,0,,,,,
99,26/07/22,2,4,rena,giga,4,New,37,8,,,0,136,,,,,
99,26/07/22,2,4,rena,giga,5,New,40,9.5,,,0,0,,,,,
99,26/07/22,2,4,rena,giga,6,Old,37.5,8.9,,,0,0,,,,,
99,26/07/22,2,4,rena,giga,7,Old,34,9,,,1,0,,,,,
99,26/07/22,2,4,rena,giga,8,Old,34,9,,,200,0,,,,,
100,26/07/22,2,1,rena,giga,1,New,39.8,19.5,,,0.5,0,,,,,
100,26/07/22,2,1,rena,giga,2,New,34.5,8.7,,,4,15,,,,,
100,26/07/22,2,1,rena,giga,3,New,36.5,9.3,,,5,0,,,,,
100,26/07/22,2,1,rena,giga,4,Old,32.5,9.6,,,0.33,0,,,,,
100,26/07/22,2,1,rena,giga,5,Old,23.5,7.5,,,7,8,,,,,
100,26/07/22,2,1,rena,giga,6,Old,13.7,6.2,,,0,0,,,,,
101,26/07/22,7,10,rena,giga,1,New,28.5,7,,,0,0,,,,,
101,26/07/22,7,10,rena,giga,2,New,28,5.6,,,9,2,,,,,
101,26/07/22,7,10,rena,giga,3,New,32.5,8,,,0,0,,,,,
101,26/07/22,7,10,rena,giga,4,Old,32.5,8,,,11,4,,,,,
101,26/07/22,7,10,rena,giga,5,Old,32.5,7,,,0,0,,,,,
101,26/07/22,7,10,rena,giga,6,Old,34,6.6,,,0,0,,,,,
101,26/07/22,7,10,rena,giga,7,Old,32.5,7,,,1,0,,,,,
101,26/07/22,7,10,rena,giga,8,Old,29,7.6,,,0,0,,,,,
102,28/07/22,10,15,heli,velutia,1,New,41.2,13.5,,,0,0,,,,,
102,28/07/22,10,15,heli,velutia,2,New,40.3,17,,,0,2,,,,,
102,28/07/22,10,15,heli,velutia,3,New,41.3,16.4,,,0,0,,,,,
102,28/07/22,10,15,heli,velutia,4,Old,41.3,16,,,75,0,,,,,
102,28/07/22,10,15,heli,velutia,5,Old,41.5,16.5,,,200,0,,,,,
102,28/07/22,10,15,heli,velutia,6,Old,33,15.8,,,45,0,,,,,
103,28/07/22,10,14,rena,giga,1,New,15.5,2.7,,,0,0,,,,,
103,28/07/22,10,14,rena,giga,2,New,15.5,2.7,,,3,2,,,,,
103,28/07/22,10,14,rena,giga,3,Old,16.7,3.5,,,0,0,,,,,
103,28/07/22,10,14,rena,giga,4,Old,16.7,3.8,,,0,0,,,,,
103,28/07/22,10,14,rena,giga,5,Old,15.5,4,,,3,0,,,,,
103,28/07/22,10,14,rena,giga,6,Old,11.6,3.7,,,0,0,,,,,
103,28/07/22,10,14,rena,giga,7,Old,8.6,2.9,,,0,0,,,,,
104,28/07/22,11,14,rena,giga,1,Old,34,9,,,9,3,,,,,
104,28/07/22,11,14,rena,giga,2,Old,34.5,9,,,2,0,,,,,
104,28/07/22,11,14,rena,giga,3,Old,36,9.5,,,0,0,,,,,
104,28/07/22,11,14,rena,giga,4,Old,34.5,10,,,4,0,,,,,
104,28/07/22,11,14,rena,giga,5,Old,34.5,10.2,,,5,1,,,,,
104,28/07/22,11,14,rena,giga,6,Old,26.5,10.2,,,11,0,,,,,
104,28/07/22,11,14,rena,giga,7,Old,12.5,6.3,,,7,0,,,,,
105,28/07/22,11,15,heli,velutia,1,New,63,17.5,,,0,5,,,,,
105,28/07/22,11,15,heli,velutia,2,New,67,20,,,1,0,,,,,
105,28/07/22,11,15,heli,velutia,3,New,74.5,19,,,1,0,,,,,
105,28/07/22,11,15,heli,velutia,4,Old,64,20.4,,,4,6,,,,,
105,28/07/22,11,15,heli,velutia,5,Old,41,15.5,,,4,0,,,,,
106,28/07/22,8,12,rena,giga,1,New,27.6,11.5,,,45,5,,,,,
106,28/07/22,8,12,rena,giga,2,New,33.7,13,,,1,10,,,,,
106,28/07/22,8,12,rena,giga,3,Old,20.9,11.2,,,3,0,,,,,
106,28/07/22,8,12,rena,giga,4,Old,30.7,13.7,,,5,2,,,,,
107,28/07/22,9,12,heli,stricta,1,New,55.2,21.5,,,1,0,,,,,
107,28/07/22,9,12,heli,stricta,2,New,34,24,,,2,0,,,,,
107,28/07/22,9,12,heli,stricta,3,New,60.4,21.7,,,4,17,,,,,
107,28/07/22,9,12,heli,stricta,4,Old,69.5,25,,,4,0,,,,,
107,28/07/22,9,12,heli,stricta,5,Old,64,21.2,,,4,0,,,,,
107,28/07/22,9,12,heli,stricta,6,Old,50.4,20,,,18,0,,,,,
108,28/07/22,9,13,rena,giga,1,New,50.2,16.7,,,0,0,,,,,
108,28/07/22,9,13,rena,giga,2,New,50.2,16.5,,,1,0,,,,,
108,28/07/22,9,13,rena,giga,3,New,45,16.7,,,3,12,,,,,
108,28/07/22,9,13,rena,giga,4,Old,43.1,16.9,,,0,0,,,,,
108,28/07/22,9,13,rena,giga,5,Old,37.5,17.5,,,1,17,,,,,
108,28/07/22,9,13,rena,giga,6,Old,33,16.4,,,0,0,,,,,
108,28/07/22,9,13,rena,giga,7,Old,14.5,11,,,0,40,,,,,
108,28/07/22,9,13,rena,giga,8,Old,9.5,7.3,,,0,0,,,,,
109,28/07/22,10,13,rena,giga,1,New,25,4.6,,,0,0,,,,,
109,28/07/22,10,13,rena,giga,2,New,28.3,4.6,,,2,0,,,,,
109,28/07/22,10,13,rena,giga,3,New,26,5.6,,,0,0,,,,,
109,28/07/22,10,13,rena,giga,4,New,29.6,5.5,,,0,0,,,,,
109,28/07/22,10,13,rena,giga,5,New,33.2,6,,,0.5,0,,,,,
109,28/07/22,10,13,rena,giga,6,Old,28.7,6,,,1,0,,,,,
109,28/07/22,10,13,rena,giga,7,Old,27.1,8.7,,,1,3,,,,,
109,28/07/22,10,13,rena,giga,8,Old,33.1,9.7,,,2,0,,,,,
111,28/07/22,21,17,rena,giga,1,New,38.9,8.6,,,0,13,,,,,
111,28/07/22,21,17,rena,giga,2,New,40,10.5,,,0,2,,,,,
111,28/07/22,21,17,rena,giga,3,New,41,11.2,,,0,0,,,,,
111,28/07/22,21,17,rena,giga,4,New,39.5,11.4,,,0,0,,,,,
111,28/07/22,21,17,rena,giga,5,Old,41.4,11.1,,,0,0,,,,,
111,28/07/22,21,17,rena,giga,6,Old,34.1,112,,,0,0,,,,,
111,28/07/22,21,17,rena,giga,7,Old,30.6,9.4,,,0,0,,,,,
111,28/07/22,21,17,rena,giga,8,Old,20.6,8.6,,,2,0,,,,,
110,28/07/22,11,13,rena,giga,1,New,36.7,7.9,,,0,0,,,,,
110,28/07/22,11,13,rena,giga,2,New,36,6.5,,,5,6,,,,,
110,28/07/22,11,13,rena,giga,3,New,3.2,8.3,,,1,0,,,,,
110,28/07/22,11,13,rena,giga,4,New,44.3,9.5,,,0,0,,,,,
110,28/07/22,11,13,rena,giga,5,New,46,10.2,,,0,0,,,,,
110,28/07/22,11,13,rena,giga,6,Old,45.9,10,,,3,0,,,,,
110,28/07/22,11,13,rena,giga,7,Old,50,10,,,0,5,,,,,
110,28/07/22,11,13,rena,giga,8,Old,51.5,10.4,,,1,0,,,,,
112,28/07/22,21,16,rena,giga,1,New,18.1,3.7,,,0.5,0,,,,,
112,28/07/22,21,16,rena,giga,2,New,22.6,5.6,,,1,0.5,,,,,
112,28/07/22,21,16,rena,giga,3,Old,25.2,5,,,3,0,,,,,
112,28/07/22,21,16,rena,giga,4,Old,26.1,5.7,,,5,1,,,,,
112,28/07/22,21,16,rena,giga,5,Old,26,6.4,,,7,4,,,,,
112,28/07/22,21,16,rena,giga,6,Old,26.3,6.2,,,3,2,,,,,
112,28/07/22,21,16,rena,giga,7,Old,30.2,6.6,,,2,0,,,,,
112,28/07/22,21,16,rena,giga,8,Old,29.5,6.9,,,0,0,,,,,
113,29/07/22,18,3,heli,velutia,1,New,49.4,14.5,,,0,0,,,,,
113,29/07/22,18,3,heli,velutia,2,new,53.1,17,,,0,0,,,,,
113,29/07/22,18,3,heli,velutia,3,Old,57.3,16.3,,,9,0,,,,,
113,29/07/22,18,3,heli,velutia,4,Old,51.4,17.6,,,6,0,,,,,
114,29/07/22,17,4,heli,velutia,1,New,60.7,24.7,,,20,0,,,,,
114,29/07/22,17,4,heli,velutia,2,New,60.7,24,,,25,0,,,,,
114,29/07/22,17,4,heli,velutia,3,Old,48.3,20.4,,,3,0,,,,,
114,29/07/22,17,4,heli,velutia,4,Old,30,17.9,,,3,8,,,,,
118,29/07/22,18,0,rena,giga,1,New,39,12.6,,,1,0,,,,,
118,29/07/22,18,0,rena,giga,2,New,38.1,14.2,,,1,6,,,,,
118,29/07/22,18,0,rena,giga,3,Old,38.2,15.3,,,0,10,,,,,
118,29/07/22,18,0,rena,giga,4,Old,25.3,13.5,,,1,0,,,,,
115,29/07/22,16,4,rena,giga,1,New,15.2,4.1,,,0,0,,,,,
115,29/07/22,16,4,rena,giga,2,New,15,4.6,,,0,0,,,,,
115,29/07/22,16,4,rena,giga,3,New,15.5,4.5,,,0,0,,,,,
115,29/07/22,16,4,rena,giga,4,Old,14.9,4.6,,,0,0,,,,,
115,29/07/22,16,4,rena,giga,5,Old,13.7,4.4,,,0,0,,,,,
115,29/07/22,16,4,rena,giga,6,Old,11.2,3.9,,,0,0,,,,,
115,29/07/22,16,4,rena,giga,7,Old,6,2.9,,,0,0,,,,,
116,29/07/22,17,0,rena,giga,1,New,22.4,9.9,,,0,0,,,,,
116,29/07/22,17,0,rena,giga,2,New,16.5,9.1,,,0,4,,,,,
116,29/07/22,17,0,rena,giga,3,Old,27,9.8,,,1,0,,,,,
116,29/07/22,17,0,rena,giga,4,Old,25.2,9.5,,,17,0,,,,,
116,29/07/22,17,0,rena,giga,5,Old,23.5,10.7,,,0,10,,,,,
117,29/07/22,17,0,heli,velutia,1,Old,51.2,18,,,5,0,,,,,
117,29/07/22,17,0,heli,velutia,2,Old,52,19.1,,,3,0,,,,,
117,29/07/22,17,0,heli,velutia,3,Old,33.6,17.1,,,2,0,,,,,
117,29/07/22,17,0,heli,velutia,4,Old,47.7,20,,,14,0,,,,,
119,29/07/22,19,1,rena,giga,1,New,39.4,11,,,0,0,,,,,
119,29/07/22,19,1,rena,giga,2,New,40.9,11,,,0,0,,,,,
119,29/07/22,19,1,rena,giga,3,New,44.3,11.4,,,1.5,0,,,,,
119,29/07/22,19,1,rena,giga,4,Old,42.2,12.2,,,0.5,0,,,,,
119,29/07/22,19,1,rena,giga,5,Old,38,11.7,,,0.3,0,,,,,
119,29/07/22,19,1,rena,giga,6,Old,28.5,9.6,,,0,0,,,,,
119,29/07/22,19,1,rena,giga,7,Old,17.6,8.4,,,1,0,,,,,
120,29/07/22,20,4,heli,velutia,1,New,40,16.1,,,0,0,,,,,
120,29/07/22,20,4,heli,velutia,2,New,53.4,16.1,,,0,0,,,,,
120,29/07/22,20,4,heli,velutia,3,New,52.2,15.6,,,0,0,,,,,
120,29/07/22,20,4,heli,velutia,4,Old,37.8,16.7,,,8,0,,,,,
121,30/07/22,14,18,heli,velutia,1,Old,43.7,20.4,,,1,0,,,,,
121,30/07/22,14,18,heli,velutia,2,Old,55.5,21.9,,,1,8,,,,,
121,30/07/22,14,18,heli,velutia,3,Old,67.2,23.6,,,11,0,,,,,
121,30/07/22,14,18,heli,velutia,4,Old,61.3,24.2,,,9,0,,,,,
122,30/07/22,14,18,rena,giga,1,New,22.9,5.1,,,0,3,,,,,
122,30/07/22,14,18,rena,giga,2,New,24.2,5.5,,,0.3,1.5,,,,,
122,30/07/22,14,18,rena,giga,3,New,25.1,6.2,,,0,0,,,,,
122,30/07/22,14,18,rena,giga,4,New,26.7,6.6,,,0,0,,,,,
122,30/07/22,14,18,rena,giga,5,Old,28,6.6,,,0,0,,,,,
122,30/07/22,14,18,rena,giga,6,Old,29.1,6.7,,,0,0,,,,,
122,30/07/22,14,18,rena,giga,7,Old,29.8,6.9,,,0,0,,,,,
122,30/07/22,14,18,rena,giga,8,Old,29.4,7.3,,,0.5,0,,,,,
123,30/07/22,12,15,rena,giga,1,New,23.4,6,,,0,0,,,,,
123,30/07/22,12,15,rena,giga,2,New,23.5,5.9,,,6,0,,,,,
123,30/07/22,12,15,rena,giga,3,New,22,6,,,0,0,,,,,
123,30/07/22,12,15,rena,giga,4,Old,17.6,6.6,,,0.5,0,,,,,
123,30/07/22,12,15,rena,giga,5,Old,12.5,5.6,,,0,0,,,,,
124,30/07/22,15,17,rena,giga,1,New,38.9,9.6,,,0,0,,,,,
124,30/07/22,15,17,rena,giga,2,New,35.5,9.7,,,0,6,,,,,
124,30/07/22,15,17,rena,giga,3,New,33.6,8.9,,,0,2,,,,,
124,30/07/22,15,17,rena,giga,4,New,33.4,8,,,0,14,,,,,
124,30/07/22,15,17,rena,giga,5,Old,30,8.7,,,0,12,,,,,
124,30/07/22,15,17,rena,giga,6,Old,17.9,6.9,,,4,0,,,,,
124,30/07/22,15,17,rena,giga,7,Old,5.8,3,,,7,0,,,,,
125,30/07/22,8,22,heli,stricta,1,New,45,18.2,,,0,0,,,,,
125,30/07/22,8,22,heli,stricta,2,New,42.1,16,,,5,0,,,,,
125,30/07/22,8,22,heli,stricta,3,Old,38.2,15.4,,,0,0,,,,,
125,30/07/22,8,22,heli,stricta,4,Old,33.7,12.3,,,3,0,,,,,
126,31/07/22,11,6,cost,scaber,1,New,26.8,9,,,0,9,,,,,
126,31/07/22,11,6,cost,scaber,2,New,28.5,9.5,,,1,6,,,,,
126,31/07/22,11,6,cost,scaber,3,New,30,9.3,,,2,0,,,,,
126,31/07/22,11,6,cost,scaber,4,Old,27,9,,,0.75,0,,,,,
126,31/07/22,11,6,cost,scaber,5,Old,20,9.5,,,0,0,,,,,
127,31/07/22,11,6,heli,stricta,1,Old,60.9,18,,,15,0,,,,,
127,31/07/22,11,6,heli,stricta,2,Old,56,19.5,,,11,0,,,,,
127,31/07/22,11,6,heli,stricta,3,Old,47.6,19,,,18,0,,,,,
127,31/07/22,11,6,heli,stricta,4,Old,55.9,21,,,23,0,,,,,